{
  "hash": "9e094c8c",
  "configHash": "90e2e97f",
  "lockfileHash": "1e8a1bdc",
  "browserHash": "a06f6108",
  "optimized": {
    "@angular/common": {
      "src": "../../../../../node_modules/@angular/common/fesm2022/common.mjs",
      "file": "@angular_common.js",
      "fileHash": "08ecb156",
      "needsInterop": false
    },
    "@angular/common/http": {
      "src": "../../../../../node_modules/@angular/common/fesm2022/http.mjs",
      "file": "@angular_common_http.js",
      "fileHash": "5b63728d",
      "needsInterop": false
    },
    "@angular/core": {
      "src": "../../../../../node_modules/@angular/core/fesm2022/core.mjs",
      "file": "@angular_core.js",
      "fileHash": "ac3c56c0",
      "needsInterop": false
    },
    "@angular/forms": {
      "src": "../../../../../node_modules/@angular/forms/fesm2022/forms.mjs",
      "file": "@angular_forms.js",
      "fileHash": "9bbe0974",
      "needsInterop": false
    },
    "@angular/platform-browser": {
      "src": "../../../../../node_modules/@angular/platform-browser/fesm2022/platform-browser.mjs",
      "file": "@angular_platform-browser.js",
      "fileHash": "371201b7",
      "needsInterop": false
    },
    "@angular/router": {
      "src": "../../../../../node_modules/@angular/router/fesm2022/router.mjs",
      "file": "@angular_router.js",
      "fileHash": "cbe8f11c",
      "needsInterop": false
    },
    "rxjs": {
      "src": "../../../../../node_modules/rxjs/dist/esm5/index.js",
      "file": "rxjs.js",
      "fileHash": "2df456ba",
      "needsInterop": false
    },
    "rxjs/operators": {
      "src": "../../../../../node_modules/rxjs/dist/esm5/operators/index.js",
      "file": "rxjs_operators.js",
      "fileHash": "769e2d09",
      "needsInterop": false
    },
    "rxjs/internal/Subject": {
      "src": "../../../../../node_modules/rxjs/dist/esm5/internal/Subject.js",
      "file": "rxjs_internal_Subject.js",
      "fileHash": "d71ad15f",
      "needsInterop": false
    }
  },
  "chunks": {
    "chunk-7WGLW5ZJ": {
      "file": "chunk-7WGLW5ZJ.js"
    },
    "chunk-ZLQE6UBX": {
      "file": "chunk-ZLQE6UBX.js"
    },
    "chunk-HTEFCAMW": {
      "file": "chunk-HTEFCAMW.js"
    },
    "chunk-E2IGG3DI": {
      "file": "chunk-E2IGG3DI.js"
    },
    "chunk-N5BIW3MK": {
      "file": "chunk-N5BIW3MK.js"
    },
    "chunk-P4HIT2YT": {
      "file": "chunk-P4HIT2YT.js"
    },
    "chunk-N27PMQ56": {
      "file": "chunk-N27PMQ56.js"
    },
    "chunk-QGTUZM23": {
      "file": "chunk-QGTUZM23.js"
    }
  }
}